<?xml version="1.0" encoding="UTF-8"?>
<beans xmlns="http://www.springframework.org/schema/beans"
	xmlns:xsi="http://www.w3.org/2001/XMLSchema-instance"
	xsi:schemaLocation="http://www.springframework.org/schema/beans
 https://www.springframework.org/schema/beans/spring-beans.xsd"
	xmlns:context="http://www.springframework.org/schema/context"
	xmlns:p="http://www.springframework.org/schema/p">

	<bean class="com.springcore.ref.B" name="bref">
		<property name="y" value="90"></property>
	</bean>


	<bean class="com.springcore.ref.A" name="aref">
		<property name="x" value="12"></property>
		<property name="ob">
			<ref bean="bref"></ref>
		</property>


	</bean>


	<bean class="com.springcore.ref.A" name="aref1">
		<property name="x" value="12"></property>

		<property name="ob" ref="bref" />


	</bean>


	<bean class="com.springcore.ref.A" name="aref2" p:x="12"
		p:ob-ref="bref" />


</beans>