<?xml version="1.0" encoding="UTF-8"?>
<beans xmlns="http://www.springframework.org/schema/beans"
	xmlns:xsi="http://www.w3.org/2001/XMLSchema-instance"
	xsi:schemaLocation="http://www.springframework.org/schema/beans
 https://www.springframework.org/schema/beans/spring-beans.xsd"
	xmlns:context="http://www.springframework.org/schema/context"
	xmlns:p="http://www.springframework.org/schema/p">

	<bean class="com.springcore.collection.Emp" name="emp1">
		<property name="name" value="Raadhe" />
		<property name="phone">
			<list>
				<value>982222</value>
				<value>982223</value>
				<null></null>
			</list>
		</property>

		<property name="address">
			<!-- <value>delhi</value> --><!-- no need to add set incase of single value -->
			<set>
				<value>Delhi</value>
				<value>Pune</value>
			</set>
		</property>


		<property name="course">
			<map>
				<entry key="java" value="java" />
				<entry key="c" value="c" />
			</map>
		</property>
	</bean>

</beans>