<?xml version="1.0" encoding="UTF-8"?>
<beans xmlns="http://www.springframework.org/schema/beans"
	xmlns:xsi="http://www.w3.org/2001/XMLSchema-instance"
	xsi:schemaLocation="http://www.springframework.org/schema/beans
 https://www.springframework.org/schema/beans/spring-beans.xsd
  http://www.springframework.org/schema/context
 http://www.springframework.org/schema/context/spring-context.xsd"
	xmlns:context="http://www.springframework.org/schema/context"
	xmlns:p="http://www.springframework.org/schema/p">
	
	<context:annotation-config/>
	
	<bean class="com.springcore.autowire.annotation.Address" name="address11">
	<property name="street" value="st no1"></property>
	<property name="city" value="Delhi"></property>
	</bean>

	
<bean class="com.springcore.autowire.annotation.EmpAutoWireConstructor" name="empAutoWireConstructor" ></bean>
	
	
	
	
	
</beans>