<?xml version="1.0" encoding="UTF-8"?>
<beans xmlns="http://www.springframework.org/schema/beans"
	xmlns:xsi="http://www.w3.org/2001/XMLSchema-instance"
	xsi:schemaLocation="http://www.springframework.org/schema/beans
 https://www.springframework.org/schema/beans/spring-beans.xsd"
	xmlns:context="http://www.springframework.org/schema/context"
	xmlns:p="http://www.springframework.org/schema/p">
	
	<bean class="com.springcore.autowire.Address" name="address2">
	<property name="street" value="st no1"></property>
	<property name="city" value="Delhi"></property>
	</bean>

	<bean class="com.springcore.autowire.Emp" name="empAutoWireByName" autowire="byName"></bean>
	
	<bean class="com.springcore.autowire.Emp" name="empAutoWireByType" autowire="byType"></bean>
	
	<bean class="com.springcore.autowire.Emp" name="empAutoWireByConstrutor" autowire="constructor"></bean>

</beans>